﻿<?xml version="1.0" encoding="utf-8"?>
<publishData>
  <publishProfile publishUrl="E:\LIXO\web" deleteExistingFiles="True" ftpAnonymousLogin="False" ftpPassiveMode="True" msdeploySite="" msdeploySiteID="" msdeployRemoteSitePhysicalPath="" msdeployAllowUntrustedCertificate="False" msdeploySkipExtraFilesOnServer="True" msdeployMarkAsApp="False" profileName="Profile1" publishMethod="FileSystem" replaceMatchingFiles="False" userName="" savePWD="False" userPWD="" SelectedForPublish="True">
    <file relUrl="Scripts/jquery.validate.unobtrusive.js" publishTime="01/08/2012 20:00:40" />
    <file relUrl="Content/themes/base/jquery.ui.resizable.css" publishTime="01/08/2012 20:01:02" />
    <file relUrl="Views/Account/Register.cshtml" publishTime="01/08/2012 20:00:40" />
    <file relUrl="bin/alexis.pdb" publishTime="01/08/2012 20:01:52" />
    <file relUrl="Content/themes/base/images/ui-bg_glass_55_fbf9ee_1x400.png" publishTime="01/08/2012 20:01:04" />
    <file relUrl="Scripts/MicrosoftAjax.js" publishTime="01/08/2012 20:00:40" />
    <file relUrl="Content/themes/base/jquery.ui.accordion.css" publishTime="01/08/2012 20:01:03" />
    <file relUrl="bin/System.Data.dll" publishTime="03/18/2010 18:31:26" />
    <file relUrl="Views/Account/LogOn.cshtml" publishTime="01/08/2012 20:00:40" />
    <file relUrl="Scripts/jquery.validate.min.js" publishTime="01/08/2012 20:00:59" />
    <file relUrl="bin/EntityFramework.xml" publishTime="01/08/2012 20:01:05" />
    <file relUrl="Scripts/MicrosoftMvcAjax.js" publishTime="01/08/2012 20:00:40" />
    <file relUrl="bin/System.Data.DataSetExtensions.dll" publishTime="03/18/2010 18:31:26" />
    <file relUrl="Content/themes/base/jquery.ui.button.css" publishTime="01/08/2012 20:01:02" />
    <file relUrl="bin/System.Web.Mvc.dll" publishTime="01/05/2011 18:42:16" />
    <file relUrl="Web.config" publishTime="01/08/2012 20:10:23" />
    <file relUrl="Content/themes/base/images/ui-icons_cd0a0a_256x240.png" publishTime="01/08/2012 20:01:03" />
    <file relUrl="bin/System.dll" publishTime="03/18/2010 18:31:26" />
    <file relUrl="bin/System.Web.WebPages.dll" publishTime="01/05/2011 16:45:38" />
    <file relUrl="bin/System.Web.dll" publishTime="03/18/2010 18:31:26" />
    <file relUrl="Views/Shared/_Layout.cshtml" publishTime="01/08/2012 20:00:40" />
    <file relUrl="bin/EntityFramework.dll" publishTime="01/08/2012 20:01:05" />
    <file relUrl="Global.asax" publishTime="01/08/2012 20:00:40" />
    <file relUrl="Scripts/MicrosoftMvcValidation.js" publishTime="01/08/2012 20:00:40" />
    <file relUrl="Content/themes/base/images/ui-icons_2e83ff_256x240.png" publishTime="01/08/2012 20:01:03" />
    <file relUrl="Scripts/MicrosoftMvcValidation.debug.js" publishTime="01/08/2012 20:00:40" />
    <file relUrl="Content/themes/base/images/ui-bg_glass_75_e6e6e6_1x400.png" publishTime="01/08/2012 20:01:04" />
    <file relUrl="Content/themes/base/images/ui-bg_flat_75_ffffff_40x100.png" publishTime="01/08/2012 20:01:04" />
    <file relUrl="Content/themes/base/jquery.ui.slider.css" publishTime="01/08/2012 20:01:01" />
    <file relUrl="bin/System.Data.Entity.dll" publishTime="03/18/2010 18:31:26" />
    <file relUrl="Scripts/jquery.unobtrusive-ajax.min.js" publishTime="01/08/2012 20:00:40" />
    <file relUrl="Scripts/jquery-ui-1.8.11.min.js" publishTime="01/08/2012 20:01:00" />
    <file relUrl="bin/System.Web.Mvc.xml" publishTime="02/09/2011 12:26:24" />
    <file relUrl="bin/System.Web.Helpers.xml" publishTime="12/20/2010 00:59:38" />
    <file relUrl="Views/Shared/_LogOnPartial.cshtml" publishTime="01/08/2012 20:00:40" />
    <file relUrl="Content/themes/base/jquery.ui.dialog.css" publishTime="01/08/2012 20:01:02" />
    <file relUrl="Content/themes/base/jquery.ui.base.css" publishTime="01/08/2012 20:01:02" />
    <file relUrl="Scripts/MicrosoftAjax.debug.js" publishTime="01/08/2012 20:00:40" />
    <file relUrl="Scripts/jquery-1.5.1.js" publishTime="01/08/2012 20:00:57" />
    <file relUrl="Content/themes/base/jquery.ui.core.css" publishTime="01/08/2012 20:01:02" />
    <file relUrl="Scripts/modernizr-1.7.min.js" publishTime="01/08/2012 20:01:08" />
    <file relUrl="Content/themes/base/images/ui-bg_glass_75_dadada_1x400.png" publishTime="01/08/2012 20:01:04" />
    <file relUrl="Scripts/jquery.validate.unobtrusive.min.js" publishTime="01/08/2012 20:00:40" />
    <file relUrl="bin/System.Web.Helpers.dll" publishTime="01/05/2011 16:45:38" />
    <file relUrl="bin/System.EnterpriseServices.dll" publishTime="03/18/2010 18:31:26" />
    <file relUrl="Content/themes/base/jquery.ui.datepicker.css" publishTime="01/08/2012 20:01:02" />
    <file relUrl="bin/System.Drawing.dll" publishTime="03/18/2010 18:31:26" />
    <file relUrl="Content/themes/base/jquery.ui.selectable.css" publishTime="01/08/2012 20:01:01" />
    <file relUrl="Views/Home/Index.cshtml" publishTime="01/08/2012 20:00:40" />
    <file relUrl="Content/themes/base/images/ui-icons_222222_256x240.png" publishTime="01/08/2012 20:01:04" />
    <file relUrl="bin/System.ComponentModel.DataAnnotations.dll" publishTime="03/18/2010 18:31:26" />
    <file relUrl="packages.config" publishTime="01/08/2012 20:01:08" />
    <file relUrl="bin/System.Xml.dll" publishTime="03/18/2010 18:31:26" />
    <file relUrl="bin/System.Web.Routing.dll" publishTime="03/18/2010 18:31:26" />
    <file relUrl="Views/Home/About.cshtml" publishTime="01/08/2012 20:00:40" />
    <file relUrl="Views/Account/ChangePasswordSuccess.cshtml" publishTime="01/08/2012 20:00:40" />
    <file relUrl="Views/Shared/Error.cshtml" publishTime="01/08/2012 20:00:40" />
    <file relUrl="Content/themes/base/images/ui-icons_454545_256x240.png" publishTime="01/08/2012 20:01:03" />
    <file relUrl="Content/themes/base/jquery.ui.tabs.css" publishTime="01/08/2012 20:01:01" />
    <file relUrl="Content/themes/base/images/ui-bg_glass_65_ffffff_1x400.png" publishTime="01/08/2012 20:01:04" />
    <file relUrl="Content/themes/base/jquery.ui.theme.css" publishTime="01/08/2012 20:01:00" />
    <file relUrl="Views/Account/ChangePassword.cshtml" publishTime="01/08/2012 20:00:40" />
    <file relUrl="Scripts/jquery.validate-vsdoc.js" publishTime="01/08/2012 20:00:59" />
    <file relUrl="Scripts/jquery-1.5.1.min.js" publishTime="01/08/2012 20:00:56" />
    <file relUrl="bin/System.Web.Services.dll" publishTime="03/18/2010 18:31:26" />
    <file relUrl="bin/System.Web.Entity.dll" publishTime="03/18/2010 18:31:26" />
    <file relUrl="Views/Web.config" publishTime="01/08/2012 20:00:40" />
    <file relUrl="bin/System.Web.DynamicData.dll" publishTime="03/18/2010 18:31:26" />
    <file relUrl="Content/Site.css" publishTime="01/08/2012 20:00:40" />
    <file relUrl="Scripts/jquery-ui-1.8.11.js" publishTime="01/08/2012 20:01:00" />
    <file relUrl="bin/System.Web.ApplicationServices.dll" publishTime="03/18/2010 18:31:26" />
    <file relUrl="bin/System.Web.Abstractions.dll" publishTime="03/18/2010 18:31:26" />
    <file relUrl="Content/themes/base/images/ui-icons_888888_256x240.png" publishTime="01/08/2012 20:01:03" />
    <file relUrl="bin/System.Web.Extensions.dll" publishTime="03/18/2010 18:31:26" />
    <file relUrl="Views/_ViewStart.cshtml" publishTime="01/08/2012 20:00:40" />
    <file relUrl="Scripts/modernizr-1.7.js" publishTime="01/08/2012 20:01:08" />
    <file relUrl="Scripts/jquery.unobtrusive-ajax.js" publishTime="01/08/2012 20:00:40" />
    <file relUrl="Content/themes/base/jquery.ui.all.css" publishTime="01/08/2012 20:01:02" />
    <file relUrl="bin/System.Configuration.dll" publishTime="03/18/2010 18:31:26" />
    <file relUrl="Scripts/jquery-1.5.1-vsdoc.js" publishTime="01/08/2012 20:00:59" />
    <file relUrl="bin/System.Web.WebPages.xml" publishTime="12/20/2010 00:59:38" />
    <file relUrl="Scripts/MicrosoftMvcAjax.debug.js" publishTime="01/08/2012 20:00:40" />
    <file relUrl="Content/themes/base/images/ui-bg_glass_95_fef1ec_1x400.png" publishTime="01/08/2012 20:01:04" />
    <file relUrl="bin/Microsoft.CSharp.dll" publishTime="03/18/2010 18:31:26" />
    <file relUrl="Scripts/jquery.validate.js" publishTime="01/08/2012 20:00:59" />
    <file relUrl="Content/themes/base/images/ui-bg_flat_0_aaaaaa_40x100.png" publishTime="01/08/2012 20:01:04" />
    <file relUrl="Content/themes/base/jquery.ui.progressbar.css" publishTime="01/08/2012 20:01:02" />
    <file relUrl="bin/System.Xml.Linq.dll" publishTime="03/18/2010 18:31:26" />
    <file relUrl="bin/alexis.dll" publishTime="01/08/2012 20:01:52" />
    <file relUrl="Content/themes/base/images/ui-bg_highlight-soft_75_cccccc_1x100.png" publishTime="01/08/2012 20:01:04" />
    <file relUrl="Content/themes/base/jquery.ui.autocomplete.css" publishTime="01/08/2012 20:01:02" />
  </publishProfile>
</publishData>